file_name,full_waveform_duration,full_waveform_kurtosis,full_waveform_max,full_waveform_mean,full_waveform_median,full_waveform_min,full_waveform_skew,full_waveform_std,swt_a_1_energy_entropy,swt_a_1_high_power_ratio,swt_a_1_higuchi_fractal,swt_a_1_low_power_ratio,swt_a_1_med_power_ratio,swt_a_2_energy_entropy,swt_a_2_high_power_ratio,swt_a_2_higuchi_fractal,swt_a_2_low_power_ratio,swt_a_2_med_power_ratio,swt_a_3_energy_entropy,swt_a_3_high_power_ratio,swt_a_3_higuchi_fractal,swt_a_3_low_power_ratio,swt_a_3_med_power_ratio,swt_a_4_energy_entropy,swt_a_4_high_power_ratio,swt_a_4_higuchi_fractal,swt_a_4_low_power_ratio,swt_a_4_med_power_ratio,swt_d_1_energy_entropy,swt_d_1_high_power_ratio,swt_d_1_higuchi_fractal,swt_d_1_low_power_ratio,swt_d_1_med_power_ratio,swt_d_2_energy_entropy,swt_d_2_high_power_ratio,swt_d_2_higuchi_fractal,swt_d_2_low_power_ratio,swt_d_2_med_power_ratio,swt_d_3_energy_entropy,swt_d_3_high_power_ratio,swt_d_3_higuchi_fractal,swt_d_3_low_power_ratio,swt_d_3_med_power_ratio,swt_d_4_energy_entropy,swt_d_4_high_power_ratio,swt_d_4_higuchi_fractal,swt_d_4_low_power_ratio,swt_d_4_med_power_ratio
BSW_1,680.779,1.7511215259803228,2.012643631996143,0.001947192743560245,-0.11054160181232899,-1.249755999714418,1.5498517339472473,0.29967553458595597,-316708.4242850589,0.3965470387780427,1.0178587335356977,0.3268424185552347,0.12326020867558718,-523408.15808094887,0.37519565971629576,1.0206777209677682,0.3267667324649045,0.11762988867192803,-728808.6375100325,0.37469069940540634,1.0206944290511468,0.32671099276846216,0.11769131924383151,-933767.1307746466,0.3747178896456891,1.0206967215552984,0.3266664929892323,0.11774827633947399,-2321029.31188103,0.3497012524452808,1.0449682818948003,0.3917695288576459,0.12063619411601006,-3713978.9976596837,0.32555897491874153,1.0492616509009187,0.30870392912938077,0.16486771067948092,-5411177.438430088,0.31943602224433887,1.0516936353088175,0.27770719527726095,0.17682782644247028,-7200108.938552193,0.3179163167442397,1.0636029148114665,0.30084561342008054,0.17984618407151065
BSW_2,743.254,2.5492361616635453,1.5786568603655449,-0.0046447776070742295,-0.11645823174276392,-1.318177547641232,1.6816684774311164,0.28184752170421473,-381543.1681898416,0.4112823011225041,1.0147031509780913,0.3187003529825517,0.12608964554889932,-612019.8287087597,0.3936310632955422,1.0174180053510617,0.3189733228456234,0.12051015527509354,-836820.0678016684,0.3931219718784605,1.0174318274460976,0.3190668885205134,0.12043051591414511,-1060632.5233669446,0.39306229193120956,1.0174336538812672,0.31908741175039806,0.12042276740531054,-2762126.325452956,0.3709584559168396,1.0442199386857165,0.4005838178026475,0.11218243669091972,-4296473.701621334,0.34970676369847953,1.0488361239904873,0.3243016988606523,0.1518245002866363,-6184275.138604277,0.3442060910992253,1.054696252663788,0.2969522255925767,0.16363210878195997,-8165950.605590842,0.3428279644963755,1.1040967613930996,0.25730012775659605,0.16663280301723415
BSW_3,657.279,1.9656918518480158,1.3596317362736072,0.039718801253072304,-0.05276307409472848,-0.6429760562274485,1.516592323708504,0.2540179843700679,-484114.9688256033,0.41194048643887393,1.014479156993041,0.30921989574545083,0.12411120173271142,-683130.1796297575,0.3914254364970652,1.0167178878395238,0.3090674321480676,0.11878556372837511,-880875.7292904522,0.3910928077984006,1.0167518837369238,0.30903607394642757,0.11871792183290143,-1078702.556728249,0.39116568510366767,1.0167714163298656,0.3090579882990203,0.11869420773430443,-3520599.6822605343,0.364958337149854,1.0429838040754285,0.39864903916637057,0.11242787364040846,-4864213.136895315,0.3398414197010272,1.0494898662506056,0.32178901939646937,0.15105488483388818,-6434933.675209309,0.3334558881414363,1.0729371909392176,0.2600525151010686,0.16193424191328612,-8080307.941116533,0.33187215425951466,1.2568665994102433,0.45344380482435936,0.16469322907570497
BSW_4,645.639,3.1201502483761887,1.3831178540656688,0.03787679030520456,-0.044679280666404364,-0.8886146845611665,1.8214412770655222,0.2427900916653494,-590646.808199599,0.4185248979280737,1.01418841392633,0.3155221033807491,0.12553857973698868,-777340.869604668,0.4007499572333676,1.0168276118060915,0.31556698910434744,0.12018795434051033,-970439.131913911,0.400330870507113,1.0168468787487048,0.31552231778342477,0.12020974099548598,-1164666.8731527156,0.40035249844360227,1.0168479247805169,0.315468326038153,0.12024571724346118,-3029274.8965740795,0.3775869237997383,1.0431342957999519,0.4055101269997293,0.11113018898429078,-4363200.459761578,0.3552727787417821,1.048642297853724,0.3282262362885658,0.14869958829308164,-5986617.356680756,0.3494778251247951,1.064057035173529,0.2985546518462751,0.16027867493557096,-7679749.836800715,0.3480305318372318,1.2011876423044132,0.2867271505568563,0.16321643624113802
BSW_5,753.209,1.9109291491533797,1.6897893578052623,-0.025320489125662884,-0.11641869678038241,-1.2577572433655189,0.8108395894135405,0.3140148388213713,-292858.7235843853,0.40478422569504485,1.0150341522765962,0.3098147433060474,0.11895224089166317,-522222.2998041699,0.38074416401453665,1.0171726858335068,0.30989531240807366,0.11337944660160139,-749610.0114305672,0.3800708999792048,1.0171788627914808,0.31001281584826024,0.11326108639940669,-976404.2152027759,0.3799810724949389,1.0171854043064483,0.31004552727072743,0.11321444332543543,-3193156.2141766343,0.350410307511754,1.0431690987781552,0.3987419756395005,0.122185882670536,-4754411.114711518,0.3220314508935122,1.0504972504518073,0.32074216428956254,0.16429488466636824,-6624950.428417803,0.31483576071453073,1.080780024193843,0.2892328279779921,0.17537450156182913,-8638484.177739143,0.3130438336676665,1.318779888518367,0.3167275150655174,0.1781441153537982
BSW_6,653.334,5.28452671800088,1.2486257014724234,-0.0031094396590361085,-0.08674849246934911,-0.45671645823497875,2.1315460832054542,0.2217172272903613,-460681.1218457499,0.4162886353248975,1.0157050669698129,0.28879937226433267,0.11522591732215855,-659671.1566528213,0.3969612309846167,1.018073936517073,0.28889036998757633,0.10993705448026518,-856917.4737976666,0.39641634397005104,1.018110244304941,0.28906891250305145,0.10981947797377777,-1053654.7496258637,0.3963325762147885,1.0181146291744219,0.28917901001971574,0.10979280434094488,-2873650.540524224,0.37124592758884406,1.0426806690508306,0.39508839355283526,0.1122329795594963,-4225144.6185167795,0.3472980115377974,1.0480298216101873,0.31806697900269576,0.14615224507854638,-5855071.55755842,0.3411198081771624,1.056370812409166,0.2911405763971359,0.15703663483650043,-7580207.190904943,0.339570220386901,1.1275214293957943,0.2587762570342506,0.15979615399918934
HSU_1,709.165,7.846868428448406,1.2491124912793825,0.005523788954742672,-0.02554775485501571,-1.3738410728524753,-0.3205326800251298,0.24005844165359677,-772025.8055380062,0.4215569441544506,1.0179065558197893,0.2879511653728196,0.1088218246110239,-996310.6116111227,0.4014491506150343,1.0195175451724807,0.28741857002172294,0.10445098091812192,-1210736.0913105116,0.4009602957891655,1.0196031492196882,0.28722800968830203,0.10441875450642056,-1424359.535911958,0.4009365422745124,1.0196232880955178,0.28715319421667385,0.10442676815691995,-2324660.8147094618,0.37427954522238477,1.0420487687075473,0.41607506793069204,0.10401277481426198,-3794008.7805532985,0.3481132672501988,1.0470141734025311,0.3508334388253922,0.13198517600320805,-5596652.693150442,0.34131316194615635,1.0518577563964093,0.3272494447504435,0.14279094934567743,-7488327.836954369,0.33961155795266296,1.0893511195136627,0.28470132366278417,0.14553886260420168
HSU_2,748.089,8.940914479556627,1.3732618832272565,-0.007749586182225654,-0.02852326349625766,-1.6113868457814284,-0.3557002616711361,0.2394804256272059,-818654.8886960292,0.4160110531557571,1.0215906840924416,0.2924462447388862,0.1037279560325992,-1050882.5189545734,0.3943206245357564,1.0242182469447259,0.29251619730534,0.09925847428316374,-1276768.2190493522,0.3937075856259377,1.0243094138369262,0.2921890866563431,0.09917827170708333,-1502165.8028932207,0.3936461284355829,1.0243202073465698,0.29199020554187777,0.0991651547684327,-2282629.6426648963,0.3657240933203017,1.042980019606883,0.39501020244666507,0.1056608769986384,-3835288.9102443466,0.33797696430092217,1.0478572139049966,0.3163751925249074,0.14256405782950565,-5726100.261798166,0.3307621626679335,1.0558942293903106,0.29180527205926127,0.15378370564321656,-7707994.342964537,0.3289517428201655,1.1256086218115362,0.26152233752585174,0.15663124704684578
HSU_3,682.544,9.963761538889635,1.234796593807593,0.004678344056193178,-0.015938973273127478,-1.4122421743851397,-0.3354253025027899,0.22417913801662248,-864595.0697423692,0.4228163993004398,1.018218374744255,0.3061068008505121,0.10898797186551079,-1082934.9391543318,0.40294161482386454,1.01979892710917,0.3055452821193844,0.10472517994269823,-1289875.1524899264,0.4024465739943696,1.0198810470235375,0.30539209404615597,0.10466001005944629,-1495566.2559728697,0.4024366922970824,1.0198986050841659,0.3053928547563626,0.10464434971156951,-2625881.470931424,0.3759002868220116,1.0420752733195147,0.4145620663239618,0.10291934092006198,-4029463.7248941264,0.3495535117929332,1.046802994615312,0.34652133922233896,0.13114947040861522,-5727954.7695861375,0.34268070293901925,1.049482895183223,0.3197237829937523,0.14200179781244018,-7528508.310300712,0.34096052062599586,1.0582050832053616,0.28931499978445646,0.14476737332599546
HSU_4,670.464,7.33230859433205,1.1538472096673071,-0.01603530533453666,-0.045502544657229374,-1.306895491354268,0.07952179288364594,0.23708805764151028,-648584.0051671723,0.4156044460203065,1.0204622109185117,0.27862847121499024,0.0984104545646087,-863316.8927418538,0.3965247654891272,1.0234656490375642,0.27861710915653276,0.09389533609612438,-1066697.7460610936,0.39604040081744435,1.023534503823756,0.27845688342011815,0.0938455231887047,-1268741.8700829428,0.3960301106183285,1.023546295939209,0.27832982832180686,0.09385635981508975,-2327778.512646133,0.3716634177167893,1.0439986184559662,0.39583056257642985,0.10701537514484774,-3693500.3097023275,0.34756991750330035,1.048263301246037,0.3082900302120013,0.14499590008584573,-5363080.931816569,0.3412812850743451,1.050862192579812,0.27467019072945537,0.1566492243652717,-7127036.547338383,0.33970423382287995,1.061594903204704,0.33757790427360385,0.15961089992259034
HSU_5,762.924,8.22509223911209,1.2497238263760526,-0.01406370179575512,-0.04540570076324468,-1.268664873691123,0.16562931392927624,0.22745108356440155,-763661.6673464413,0.41533781036242257,1.0197458623490046,0.28845462220953166,0.10418572147923312,-1004774.5972703125,0.39506861055908427,1.0220488904504514,0.2879106093647657,0.0997484139646453,-1235478.8477436332,0.39465715710862354,1.0221044016154226,0.28784057388131484,0.09973011656187339,-1465306.4560703929,0.39472155397998165,1.0221131215379284,0.2878922967524856,0.09974685590414348,-2940235.083746476,0.3688155730344339,1.0430397794629553,0.4086021686431093,0.10639165218651624,-4485869.557377007,0.3434238684953647,1.0476720347502155,0.33320288983220064,0.1383673391446874,-6377135.358973656,0.3368895037807553,1.0505296652777216,0.3041252714807101,0.14949672264376326,-8369340.496853813,0.33526647773400103,1.0656186219407817,0.2739501362765852,0.15232458164649496
HSU_6,663.144,8.76980231371306,1.3103826630053832,0.0031362112879670828,-0.024108290260457466,-1.401546926243152,-0.5159545467286634,0.2448338027337692,-708207.6230586421,0.4144869958186719,1.0206779670329476,0.29331095449632083,0.10222140737057933,-918923.5966684262,0.3936108125491494,1.0233139709215588,0.29371197530722676,0.09791099082366918,-1119074.5726245341,0.39322658784455417,1.0233992202796778,0.29390498347648886,0.09787677259887474,-1318641.5498262553,0.39326064300652464,1.0234100160510744,0.2939841975431695,0.0978764908685646,-2393501.756084603,0.3664451196717303,1.043350198368724,0.4027703833531331,0.10525830635681868,-3792694.9412951735,0.3402120822044421,1.0480062859359451,0.32542388223167323,0.14204412181774584,-5408278.269305439,0.33346660642410514,1.0524443072044356,0.29769176131934005,0.15336769219586752,-7162321.918210025,0.33178848409151257,1.086765273868982,0.26875638851912137,0.1562423436305958
JTH_1,584.961,10.261539085766694,1.2888797166808785,-0.007695009865733289,-0.059539957885516165,-0.7604837843282599,2.3361045255044255,0.18391258112375275,-586315.6246963888,0.4422852623086712,1.0139804729930464,0.2659414257014827,0.11133554928155114,-764551.0005911647,0.4273407763728536,1.0149830344953978,0.26730837028847293,0.10784327723531698,-941049.774638921,0.427126818088015,1.0151041265114265,0.26783876677660656,0.10786594725997287,-1117217.4964804987,0.4271792331048871,1.0151313526979475,0.2680709625083213,0.10786362498716857,-2791680.4113631113,0.40542849053215585,1.0381606749541783,0.4133779099389572,0.10262877204084705,-4030632.409158151,0.3832287541256912,1.0455230078014368,0.3541775766985832,0.11138899175585032,-5523788.879700734,0.37731047839250903,1.0825903024835215,0.261713765902006,0.11592064453430398,-7085774.5581831625,0.37582891354007053,1.3625608400246159,0.500897200166719,0.1183052331493358
JTH_2,616.142,12.305232715363074,1.323978842648474,-0.001501343833199981,-0.03759076259818586,-1.042770161011979,2.0348139630234723,0.1826633951107954,-739709.3300257373,0.44340169467085083,1.0151210264269286,0.2873873843839167,0.10590384342521394,-928965.7475116368,0.42776159052916146,1.0165722544685973,0.28711131583124794,0.10194133073761186,-1114910.5567024488,0.4273751988396876,1.016695484228409,0.2871795860229977,0.10193894007338017,-1300389.8903655766,0.4273684721227363,1.016719868615343,0.28721573618937235,0.10196583888076884,-2849325.045339348,0.4041832596016092,1.0385010964485621,0.4175855839892017,0.10237901723962885,-4151344.460995864,0.3806822300613084,1.0434428822084554,0.3572190871014016,0.11276630228941287,-5724257.551761926,0.3743665750990081,1.0511023639149841,0.3310582407183777,0.12229152247695127,-7368918.04057743,0.3727742212866403,1.1050468972064325,0.30146351756533546,0.12472435861718066
JTH_3,687.257,14.310390653973958,1.9986883616703965,-0.011622273382160004,-0.04404778144557279,-0.8009166405951295,2.064015307022218,0.16977227703640727,-850881.1684037688,0.44614149920176244,1.0145218896959316,0.2897569572946351,0.10397634012055762,-1061533.7971296923,0.4310030611929169,1.016122395054037,0.29024164437924876,0.10033912422452938,-1269195.7642925808,0.4307745861904396,1.016241401973188,0.2903720089672659,0.10032373757117818,-1476188.7940888507,0.430840010479808,1.0162622640418322,0.290473081142029,0.10032505163548067,-3452678.9544086615,0.4082507923468708,1.0372941176723594,0.40723983230817434,0.10298789064996773,-4927077.296033542,0.38487851730523764,1.044315031847343,0.34901561097914924,0.11184431858804621,-6685868.795257975,0.37858312799154126,1.0801045869315296,0.33006073764328925,0.115453549418423,-8521557.120844174,0.37700129170139207,1.3574153281721808,0.3106777629110059,0.11777871936887699
JTH_4,596.87,12.419170768002797,1.291750303594486,0.023501013528906975,-0.01141546059139817,-1.3958650346086912,1.6407695988966045,0.17852915367302552,-855223.3921779528,0.4384195829615894,1.0156054236954064,0.3101525628659897,0.10362520805225774,-1038141.159084838,0.42201364619847614,1.0171644358175809,0.311526092134673,0.09995989154808115,-1218147.8695341756,0.4217508032752607,1.0173699225851653,0.311706786950337,0.09993067326072955,-1397843.113224317,0.4218341755532555,1.017510551574795,0.3116156252318446,0.09991693347197407,-2902966.932634892,0.3982469826762722,1.038925623447539,0.40213857183083984,0.10358141410122833,-4176117.066567431,0.37416141796130375,1.0517887674342636,0.2994895929803644,0.11454891223037328,-5700451.525735748,0.3677435702140185,1.1565514816362998,0.2751211603099916,0.12422419788495262,-7294416.897329782,0.36613378082997244,1.7270226545388017,0.30334801665402417,0.1267033615944422
JTH_5,729.139,13.794622646477094,1.4252999790331198,-0.010092988876073045,-0.040229886845561086,-1.5083504852701113,-0.5334245469542443,0.21244515675709483,-866841.9016663958,0.4389939649863929,1.014986153567299,0.27827806409588396,0.10421960993942203,-1091157.8972167654,0.42302347474040347,1.0165663488345076,0.2786735691562684,0.10035197257577226,-1311332.765759119,0.4227007359526546,1.0167015989791486,0.27910619746506515,0.10034025386391292,-1530879.6573416397,0.4227413414947993,1.0167227432275898,0.27932269582591335,0.10034263303736192,-3739666.917254396,0.39985064842056506,1.039465925756004,0.41027521559728297,0.10370146263826274,-5284095.197483104,0.37660709970355644,1.0496655325161162,0.3401879315355468,0.12075807748975381,-7139910.486433125,0.37044233324743553,1.1250490592819142,0.31423844068581436,0.13080272107543173,-9062769.850280264,0.3689020278554653,1.589075140586343,0.3062359390963394,0.13336796236907586
JTH_6,560.229,13.069358954084567,1.2461707491819387,-0.004442433635058528,-0.026388773174769925,-1.9019400434610978,1.4510703096771156,0.17528022036390936,-757854.8207928207,0.44930154700766806,1.0138390740089671,0.281822929177907,0.10938082880998434,-929749.3551587396,0.43497535574182117,1.0148031368549335,0.2817299655906829,0.10560509716770762,-1099093.162965466,0.434599324065618,1.0149242051051992,0.2814745595885186,0.1055415593321929,-1267810.9435573113,0.43458735601152115,1.0149369439522071,0.28133634760178694,0.10553113366525327,-2829915.2071360727,0.41257059324060813,1.036316224300689,0.4221267515810102,0.10098977135882965,-4024438.828195136,0.39007937215887306,1.0410086899239253,0.36789331848225487,0.11075005924049587,-5456469.731447169,0.3839757375141554,1.043204064332542,0.3482652092939102,0.11241404102688349,-6952264.072669159,0.3824275087663626,1.0531480125204011,0.34118045406643677,0.11277623263329246
KJH_1,636.434,3.1466238417038674,1.3634237373741251,-0.0014511269742725741,-0.0770762736994922,-2.2056206342927647,-0.12731302464834357,0.33111248724898334,-344709.8481902594,0.4484642570121783,1.012372309279578,0.26674945458212007,0.13700269833834414,-541769.8849328685,0.433082246844705,1.0127002901098987,0.26693493750041747,0.13318119103237053,-734087.6664439484,0.4327637808991495,1.012584898523751,0.2671105093204532,0.13322982062810418,-925710.252195153,0.43279495499173554,1.012572395200667,0.26720323065607543,0.1332710102124748,-2355114.1138560297,0.40907360057675557,1.0363398550643648,0.4470940193261683,0.09086882462687587,-3722385.086755252,0.3842040120527261,1.0417000083834602,0.4095493508770007,0.10136108762022003,-5348836.411006531,0.3774318881672172,1.0485322022532255,0.39455515729393903,0.10673440656870305,-7048109.963832099,0.37571673228086294,1.1078976697608116,0.38762382884180735,0.1091272303889297
KJH_2,599.318,3.2662301986113933,1.358326394267958,0.008920303203434272,-0.06272614393794129,-1.564664530569282,-0.009845085300571852,0.3174566820648508,-341270.14398449106,0.44516382239581376,1.012183352175473,0.27075021186376846,0.14068064655382584,-527366.4455116747,0.4288264971346281,1.0123403252968723,0.2706705914731312,0.1366802432783921,-708416.1179951763,0.4283738208352669,1.0122373947099037,0.27061468801741523,0.1366054622224418,-888897.3305903743,0.42834948011668866,1.0122297859762903,0.2705652034295845,0.13658535544282252,-2256596.1586284987,0.40376116550717833,1.035721623261523,0.4492035226792165,0.09255405525137078,-3549134.395872513,0.37810325601154515,1.0429356749320566,0.41636179049117406,0.10317743522443638,-5081987.426858729,0.37122858537432185,1.0693694044994786,0.40392062019216024,0.10519566013118566,-6682528.2337950785,0.3695055095681046,1.2860582540906729,0.3934539160031079,0.10565317110632877
KJH_3,732.544,2.6460393842257464,1.4259830786349708,-0.005560859917483657,-0.08027041165959782,-1.229622002973919,0.47669914307408007,0.3025901050619541,-475645.6805401496,0.4293874614496612,1.012373050798561,0.27829239486831053,0.12889719521008874,-703794.8722727555,0.4113833000266407,1.0131030327983324,0.27813304497918573,0.12482607339905122,-925101.3147592761,0.41088341431855213,1.0130240608559802,0.27815263319773736,0.12480567586886615,-1145737.4066709916,0.4108196062438832,1.0130197901287783,0.27815982065920275,0.12481679595645225,-3533675.5662256205,0.38578818252220914,1.038403412874475,0.4334002978882373,0.09614909737910003,-5100055.086845555,0.3616417508216642,1.044354947068272,0.38431714967829894,0.10661413169246235,-6867262.053984736,0.3553665249380492,1.0470127747544857,0.3640721850378075,0.11639242342198333,-8820913.217093708,0.35379444476676397,1.0528708841593446,0.2957479988534577,0.118904232682151
KJH_4,720.651,34.891049127659535,8.441729629002609,0.019991294283580298,-0.05109797085374065,-14.911920834247137,0.8544245465484673,0.2718812299776309,-567963.4318556146,0.3952415528689718,1.012588561216076,0.28363970958804363,0.1327154672033491,-788789.9164793002,0.3810309584565037,1.0139590225306385,0.2839004324476008,0.12861366193108836,-1006233.2073160224,0.39053771927713055,1.0147124170034199,0.28399875422256354,0.1286081480297844,-1223258.0620644845,0.39459805793991926,1.015263305919094,0.2840359127679256,0.1286317254809442,-3715042.837382522,0.36589237990463985,1.038990298435441,0.43546579636346217,0.09304109968955146,-5192511.969415504,0.33634373320142197,1.0515108074723476,0.38688332964188726,0.10830596187362446,-6970740.897277368,0.33123033638970795,1.1631543950550762,0.4991055185150895,0.11861883318230754,-8818520.239548668,0.3289779088403811,1.3420407597879647,0.5118611075809152,0.12122487468611298
KJH_5,439.114,2.8660049063632327,1.8743665470245203,-0.025989246350113696,-0.10791282712227623,-2.0460287128696923,0.041571616668251196,0.3721297455672002,-170310.3074176123,0.44857134414837624,1.0123237380253591,0.28374860040609096,0.1343468020666408,-305654.1764093772,0.43389804100801105,1.0126723120423182,0.28338307282363856,0.13011210785573962,-438255.1031405519,0.4336008792729584,1.0125833071177017,0.2830911106973692,0.1299610553763985,-570535.7709848637,0.4336692141308586,1.0125908077592694,0.28293696484430525,0.1298991447521417,-1599222.1746105477,0.41178608207146544,1.036467557101823,0.4417071451222368,0.09475771542949768,-2542798.071932761,0.3886097818557959,1.041766499734828,0.3975063969922476,0.10418637762420145,-3664818.0207750774,0.38232033603749394,1.0459768764051125,0.3755567859607489,0.1085036716632536,-4837538.344633786,0.3807378817616906,1.0593748503264284,0.2972040126329217,0.11090467549332224
KJH_6,619.431,5.132608071291221,1.2375672564091262,-0.0015645583652972718,-0.03706819774742483,-1.0846026438052967,0.3628181404877641,0.23969006327100673,-575328.903025783,0.4326967992094963,1.0137921035884419,0.26968616330655326,0.12759222350170057,-763855.7898435849,0.4138307430026182,1.0146309679082366,0.2695924041478873,0.12348665538797178,-950720.3848079313,0.41342500708320434,1.0145694978699262,0.269525712181195,0.12347195746157026,-1137250.5942146212,0.413444109144351,1.0145655506025522,0.26950135014729537,0.12347772335007047,-2462699.1271045688,0.38691042162728967,1.0379752125198711,0.4387979756266002,0.09614677357148148,-3776878.355423351,0.35972602579093677,1.0438542807082412,0.3924460647208954,0.1092491117170798,-5357017.1033677235,0.3525076120523145,1.0462213216342904,0.3749839908753706,0.11939269758533869,-7010044.508132211,0.3506949830793832,1.0591793836245516,0.3699265489401081,0.12199760453172975
KJM_1,730.929,0.967220664755045,1.3998198157192263,-0.007875279301921126,-0.13986653655479647,-1.0730442149126578,1.182507604638801,0.3303049375688075,-246115.8834232114,0.4613537825385995,1.0118385908066627,0.3236022672376244,0.1179430517148309,-462253.5262180704,0.4477345636486255,1.0129567803105064,0.32362608606770554,0.11363390330050575,-681255.0064761331,0.4474661224742201,1.0129882078517483,0.32375265448453505,0.11341571862953358,-901175.9809637908,0.4475168340887419,1.012995041868945,0.3238548131300359,0.11335890994669579,-3042514.329851649,0.424507012449357,1.03732165150262,0.4195725573669771,0.09766107040000475,-4571525.911359631,0.39904843697187165,1.0416121236370437,0.3732815953827441,0.10818315291732691,-6403067.783285509,0.39198181444402647,1.0475525316865528,0.35507745398542234,0.11014625237758227,-8340735.747179374,0.3901902217135433,1.0926682553129876,0.28751847162173055,0.11058577673666264
KJM_2,626.45,1.7662626885036188,1.503595496734148,-0.018010819804895998,-0.1427769249559664,-1.1551842698998924,1.4692726990179235,0.3352247276531307,-209319.37460092796,0.4529182265970125,1.0121718541215865,0.3287810099380821,0.12349892219503866,-399043.2587540098,0.43762511479242633,1.013484794189721,0.3292294764063909,0.11972925392411209,-587099.9335718517,0.4372684675663823,1.0135217495297695,0.32936431862765886,0.11989941565488729,-775607.8606407964,0.4372683063420816,1.0135446840099318,0.3293854048707442,0.12000368457166566,-2334496.046542242,0.41299555683278194,1.0384127799095382,0.4204215405940373,0.09801070789281519,-3660667.862106426,0.38651457076841117,1.044309591153748,0.3754344906123711,0.10816816583520028,-5259274.757898048,0.37909253049789005,1.0682032474164478,0.3368254825151388,0.11002906418158116,-6931869.171270332,0.3771969305394709,1.248419349305673,0.41520343599407794,0.11044672666564238
KJM_3,668.759,3.2775161789599485,1.3085935880227217,-0.010776737235672872,-0.09883215423772859,-0.9612106361486498,1.5271934848417537,0.2418464182613351,-408364.3957663129,0.4446981228020443,1.013266392966372,0.2814365440299243,0.12331094432044619,-615713.9192612541,0.4276867493384206,1.0147564652345265,0.28067593777254946,0.11924000011049082,-817805.8030635422,0.4273363868187495,1.0148373135493447,0.2804268888680994,0.1190725156180416,-1019143.3023275097,0.4273504358107629,1.0148578437192164,0.2803606037008977,0.11897903313910191,-2571288.683271472,0.40217520605570145,1.0386275250986847,0.41852849118645447,0.10025000543966579,-3975720.495229554,0.3759626987126668,1.0439374145106333,0.3667514604268815,0.10945898472073358,-5680288.064172646,0.3690148328581471,1.05905032658956,0.3461223668368226,0.11805595476586782,-7465466.690170914,0.36728899557998274,1.189408467622856,0.291709667241915,0.12043072009503258
KJM_4,635.024,1.7456669602564787,1.1463309658266436,0.044890601435844134,-0.04445083694571606,-0.8251387614372079,1.333825231584986,0.2653185613270435,-466082.1478043301,0.44839323280776205,1.0119070105958647,0.3105693798661055,0.1137826267313802,-652832.035914943,0.4316923122953483,1.0133769414533615,0.3105479306293785,0.10956097389727429,-843322.4765749739,0.4314546626431561,1.0134923927243407,0.3106140395913402,0.1094817253600057,-1034389.6320435097,0.4316231500582207,1.0135077631980156,0.31065837118836087,0.10945154021370658,-3339604.0306202155,0.4064399701371129,1.0382485989864798,0.41157984266249426,0.10137158561358615,-4681939.529296714,0.3802345479051738,1.0425103276724599,0.3505592690946588,0.11634006648887403,-6227265.799084547,0.37320455182792744,1.045443886917249,0.32674651750307987,0.12600195158355584,-7882979.930352877,0.3714380014599634,1.0581099181875255,0.27228646227839215,0.12846758693348745
KJM_5,653.114,1.4301923092669009,1.3861283052559312,-0.01594374159320434,-0.1327300743909909,-1.317518293690494,1.3126551031271483,0.32610659567580563,-236279.2769925107,0.451965039253272,1.0122784595959144,0.3285966942877373,0.1147221930006213,-426815.3747057651,0.4363744196649491,1.013632450302562,0.3282580038787244,0.11055503593055004,-622359.458346912,0.4359331347194152,1.013708094606211,0.3281781408089738,0.11040648172853867,-818837.1912655528,0.4358826841061684,1.013724376131083,0.32816680207753296,0.11034242102865709,-3347265.4381320495,0.41138985782618415,1.0382515037610762,0.4111410090004244,0.10045579589432287,-4694629.8201880595,0.38547923899422215,1.0427912181575385,0.35403733242419627,0.1094313240621736,-6293501.32221125,0.3784435961776338,1.0501869925361698,0.3256658917015282,0.11771242515382146,-7994337.867547932,0.376667816668834,1.1036858633277762,0.30463454413990326,0.12005013844529977
KJM_6,645.008,3.232369540439067,1.32085973856035,7.2783107513364e-05,-0.07337777308231466,-0.9080459449101461,1.2368876554460402,0.2457358716517303,-424102.2283419458,0.4393183485011383,1.0150007960151386,0.2798505102256727,0.10945095904616335,-623197.9779022079,0.42007504676915347,1.016777734207348,0.2797111628971893,0.10471889666528654,-816965.1055908585,0.4197953245358759,1.0168723036536766,0.279849724715931,0.10436788377851304,-1011097.8694482073,0.41986690416022676,1.0168875513205573,0.2799393125948909,0.10422341422069457,-2388366.483891473,0.3916283909569439,1.039948099570042,0.40335091638476933,0.10264779878431006,-3741304.192713664,0.3628264133220678,1.0441391633118973,0.33512366429622903,0.12486808862167124,-5386032.042492493,0.3552056381553316,1.0474368984251978,0.3118100716260197,0.13499152466696338,-7107667.143009978,0.35329192023089073,1.0677203474877768,0.26900586947347854,0.1375765120818512
LWG_1,613.109,3.0423341136551088,1.2336910127685896,0.0038019225385387116,-0.06907840322782015,-0.6150075252279349,1.6326614956744945,0.24516489336879896,-448048.55781159346,0.4385823325621538,1.013841981691966,0.3171930504280496,0.11821303996048727,-639354.8218647834,0.4193110451322064,1.015804862963667,0.3172179880501956,0.11398860236756962,-825168.3907434702,0.4191841240711494,1.0158679050282322,0.31738728286864615,0.113845856077476,-1009859.0110160555,0.41936941289462376,1.0158799158145542,0.31749511115937457,0.11379049664507367,-2539024.044917747,0.39085908821065957,1.0393715605666418,0.41490735413476193,0.10221133838877663,-3833254.085908938,0.36079334002825725,1.045550230790304,0.36414140263993133,0.11157873288289363,-5397705.883514103,0.35275582516753884,1.0762906473999487,0.34589545858596654,0.11354540979008342,-7035023.635146263,0.35074482906503984,1.3185521881586542,0.27503301692173,0.1158325732913583
LWG_2,651.262,3.589528587062036,1.1482474637907685,0.01302357881198748,-0.05772700228209411,-0.6324378992391295,1.7157565209575212,0.22848852818897297,-541379.3230129469,0.4464723949169934,1.013027122369364,0.3104539468579726,0.1164646446683285,-742727.7252128059,0.428308083391825,1.0148575684732482,0.31082708569690226,0.11229154090235072,-939547.9202261225,0.4275367883438637,1.0149250142009023,0.31084594656558934,0.11241849427977155,-1135665.2223283527,0.4273951195555909,1.0149352984750823,0.31081007779712316,0.1125226770493571,-2784949.235926247,0.3999243284893109,1.0384077902400497,0.42069750168568265,0.10258441103005456,-4158573.244867329,0.37107865993843975,1.0431946152666316,0.36777750202274334,0.11181306725329815,-5820695.001123971,0.3631943449224444,1.055633047248177,0.34599404460153826,0.1181013832953612,-7559238.926425886,0.3611840163690977,1.1630167403888223,0.3034229080048096,0.12034398029743291
LWG_3,537.252,5.206437840735491,1.0917091919129618,-0.006114439831449423,-0.057767307525964796,-0.5741307437973641,1.7895804404659783,0.21260043240629273,-479452.10897809017,0.4359100873651412,1.0148191754386628,0.2926341131052459,0.11654321177795184,-644629.894826484,0.41584349875359705,1.017072121123513,0.29242336068344316,0.11262676878215194,-806705.7235231543,0.4152432453388495,1.0171444919357633,0.29208413225492424,0.11278505882458115,-968460.2229123025,0.41520052982883004,1.0171539512777712,0.2918777501493932,0.11288276723831994,-2066152.7852679612,0.38706773985087073,1.0398891654167854,0.4152593940142858,0.10252499744625321,-3196079.3604410463,0.3575470397434494,1.044500907002769,0.3612453272958384,0.11348627821018668,-4566435.436580231,0.34967439682794765,1.0508748228669538,0.341797646138793,0.12290302764663535,-6000858.121075503,0.34770155474708275,1.1026792676571764,0.3094737068384532,0.12529551640377104
LWG_4,623.242,1.918017579527918,1.1797762727006031,-4.446980152160114e-06,-0.09498925405414224,-0.8002048356798951,1.3167059189814398,0.2737740540816706,-355100.92861128546,0.4564150548243465,1.0128054902175818,0.30812084162488623,0.11003624331624617,-548289.5732279966,0.4436553641788544,1.014679105371385,0.30851199763446596,0.10576114887971663,-736736.5144396569,0.4433158915632631,1.0147238009334578,0.3085832632649087,0.10583989654959337,-924463.7839136423,0.44330534093533824,1.0147309741147887,0.308559713586015,0.10590682336622975,-2575452.057492679,0.4231271045729228,1.0381131114548086,0.41413895892382563,0.10104302597976986,-3898208.702878549,0.4022165990577364,1.0427451331078414,0.354449843196359,0.11699212083898648,-5490870.900860164,0.39643702373534623,1.0527302370299576,0.3339722973600674,0.1266164283108386,-7155677.787684142,0.39496323047414894,1.1438858599115198,0.32375888086264554,0.12905975454978585
LWG_5,658.589,6.974047502218012,1.0832096674317293,-0.0028417154943123054,-0.07019745266671373,-0.5515870741564429,2.1751877673207742,0.2014546630861728,-583338.2730962567,0.44937798059062173,1.0133680977423372,0.268901435577179,0.11710079803894251,-786655.8214906525,0.43442474922989727,1.01506643640479,0.2692011397931511,0.1125507786901272,-985465.9567905897,0.4341683903138922,1.0150959227674055,0.26946979525977655,0.11240336909274438,-1183744.014368149,0.4342099810473024,1.015117308988703,0.26962207816775013,0.11237016469171576,-2981864.037603452,0.4112717522914053,1.0377716628487952,0.4163818809995597,0.10238198100455162,-4379501.143237347,0.3872115556096679,1.0433875628961014,0.3588796638996916,0.1122332244012445,-6062063.52892768,0.38059227269803886,1.064935977296132,0.33743662582379713,0.12152859043433181,-7821016.021721846,0.3789069486644577,1.243434509304981,0.3029480022428524,0.12390128756752429
LWG_6,639.167,4.1362152003246315,1.209225087647434,-0.010911595056843384,-0.07944006117635335,-0.7562648627883882,1.7608429026531547,0.22492788918535178,-488781.588350145,0.4429733012804038,1.013412321958125,0.30037083884313576,0.11452278409519887,-685125.3368635969,0.4260122133457486,1.0151917445009657,0.3002600406255632,0.11057686740897081,-877940.7450574856,0.4255685124847467,1.015252094963829,0.30012666913727276,0.11067897666407775,-1070421.1542298265,0.42557567653024775,1.0152594522702743,0.300025918308827,0.11073465285687978,-2661531.7140194327,0.40040029081479844,1.038676235405505,0.41660646464380524,0.10337631592969929,-4009700.7987036216,0.3742974568778016,1.0432339721072506,0.36134154575675353,0.11354788842523558,-5639799.868992536,0.36724646684959167,1.0480648895217375,0.34018250195571276,0.12286447479434194,-7346269.223799168,0.365468927838192,1.0872903621470453,0.3282165910402725,0.12523669324537737
PCS_1,638.524,8.339504829231668,1.0693544807507231,-0.0030204484615539606,-0.06670768337366176,-0.46740711792592915,2.505667407934062,0.18645511913402024,-594801.1406173271,0.4155301538918205,1.0135321799603734,0.2783386732035893,0.12486066079383953,-790842.9789751602,0.3950677199897841,1.0151088281438978,0.27740273746904204,0.12038659836916281,-983451.4902610274,0.3947992500484004,1.01524534836151,0.27691585434143445,0.12042011499673252,-1175724.0377326575,0.3949262591040646,1.0152667457170155,0.2767002601645181,0.12043266833384249,-3477795.9991229433,0.36882662834252616,1.0426838093051132,0.4098304285727497,0.10626935419485857,-4777305.739482569,0.34263425417940574,1.0478967847180138,0.3471061937977345,0.1403355692800727,-6365788.170788532,0.33589394544604306,1.0551207809523875,0.32153986654847905,0.15164365023310258,-8014698.328184467,0.3342258541390997,1.1097706609815245,0.26734727492787763,0.15452354811861707
PCS_2,674.464,6.931500681892855,1.1999505107541608,0.0006572960602078883,-0.06697649544107563,-0.43733050767816567,2.3530971996712684,0.20099685402649747,-588569.0763835512,0.41457119719648755,1.0138535673388642,0.2838246007112093,0.12612296498171402,-795946.0407426849,0.39385819470158545,1.0153637955799626,0.28320571524035226,0.1215577598211785,-999394.9134488117,0.39348138624355244,1.0154818385985476,0.2828737735298159,0.1216106878625329,-1202458.968139918,0.3935470965580406,1.0154951040921307,0.28272647207492424,0.1216343935900417,-3452642.6171890097,0.3670875419573407,1.0428705232843758,0.4145594059767723,0.10643317498457332,-4870976.6784218075,0.34071421739075325,1.048292177233114,0.35131157717534023,0.14173719283582617,-6483951.319876628,0.33390741790105544,1.0580969731624266,0.32747484958954265,0.15305667630835265,-8223875.982048106,0.33221587627136606,1.1447517329009347,0.312110473107766,0.15593353678998345
PCS_3,607.395,2.267714939087597,2.1586609992819072,0.04234947853659701,-0.004780678339494667,-1.3007532609940657,0.7526412294691156,0.3165388369240967,-376063.1430369092,0.40965093793807617,1.0145207927427111,0.27590243413221777,0.12210834800841745,-558491.7653365253,0.3889615232640974,1.0162787376095865,0.2754173382906297,0.11751748538634425,-741046.3567291356,0.38859238571692234,1.0164391127049215,0.275152113937135,0.11758892647706196,-923909.2979641564,0.3886726412635778,1.016475235163574,0.27500811483528614,0.11763015923447652,-2499856.079843206,0.36299680164547415,1.043669884770839,0.410850377284144,0.10729294610647766,-3758477.8016192024,0.3376720303579856,1.0492524385159512,0.33941092684740354,0.14312608835011253,-5302346.469287058,0.3311938063898899,1.0638296904329554,0.2925383085253975,0.15464287962602538,-6922487.403312018,0.32958908043702057,1.1759214195208074,0.41375814968965235,0.15757519724956665
PCS_4,621.848,6.28199687009057,1.1538336201487827,0.01873489099253955,-0.05487400422954668,-0.41885939283508034,2.2340889631242917,0.20355323218111562,-576097.5142390054,0.4122264238919271,1.0147778123497693,0.27797153438832134,0.1209662473092344,-770254.2986048517,0.39131081214410035,1.0161227452368884,0.2781890719195431,0.11586758821771455,-958072.409109095,0.39079992665346924,1.0161942649966704,0.2783248684673377,0.11579340452052955,-1145350.3319778962,0.3907617584417749,1.0162022790482033,0.27837166725459933,0.1157794874760073,-2629590.6155549446,0.3642315812900063,1.0433703528364664,0.40555574109329334,0.10775802937915638,-3926067.9733401225,0.33777130674037376,1.0483245291698866,0.328500118345252,0.14985566761012145,-5509479.423645641,0.33090516792252905,1.053631340255402,0.30160297031721667,0.16144702812163564,-7168519.743166735,0.3291890161703323,1.0985461109669945,0.29301194285024,0.16438385150315749
PCS_5,695.389,8.895550788827471,1.1533316010565997,0.009665458848908131,-0.054369134803288185,-0.5547920910139813,2.5196840276146517,0.19112399955563714,-686776.8703956482,0.4150450169785807,1.0131685478700867,0.2568713587065872,0.1308139900630521,-901179.0628403099,0.39419234783245727,1.0152362809888782,0.25646010009952097,0.12596133800968687,-1110816.3517380983,0.3937891796350902,1.015372813414933,0.2563047243098712,0.12583359604300795,-1320107.4775620028,0.39384866013979136,1.01538329058237,0.25630161882475505,0.1257882030802439,-3055893.225487876,0.36719303856690527,1.0423306801837178,0.42023478332600356,0.10523439717485425,-4511904.80078128,0.34052286671236287,1.0476185872270465,0.35479611000483463,0.1388429797574959,-6279381.489832917,0.33362529724145795,1.0529521890594498,0.32977135516252354,0.15014641069377804,-8130575.464136554,0.3319070809005005,1.0977158254440316,0.3216454581177181,0.15302583473578207
PCS_6,671.558,5.449283769424012,1.383851917401143,-0.026576350809956482,-0.11122726738340794,-0.9370283450541089,2.0158816607873207,0.23330737100396912,-388930.2345063569,0.414711902850289,1.0138611726302413,0.28076767059838825,0.12591024796680741,-595197.5883972726,0.39525755120980444,1.015724998116569,0.28068629236802006,0.1209085473685382,-798003.3798220464,0.3948325296216864,1.0158790063997842,0.28077563039657055,0.12081611464313347,-1000202.1286443551,0.3948268333461239,1.015898614176211,0.2808479119142062,0.1207935927305915,-2637938.7124967775,0.36992779586488017,1.043095539466652,0.41592385912665786,0.10630256598281765,-4037614.2171563865,0.34513158962243534,1.0479692299144223,0.34650238832966845,0.14283551991978996,-5748352.778710351,0.33867722067077144,1.0540509395656628,0.31806697006349294,0.15467126503246462,-7540218.16834514,0.33706123963651163,1.1004794929665311,0.26994631479871145,0.15768376577741022
UHS_1,711.204,1.699280169681094,1.403396088202822,-0.00527168021968706,-0.05309934191359869,-1.553790755813495,0.9194573170727848,0.30703378821648386,-458209.19173594494,0.39588613643560594,1.0203193871483998,0.30561788015209185,0.11890975423100904,-671900.8415030793,0.37207591316754,1.0233295836989127,0.30539137448163445,0.11354914769764612,-886191.6440627126,0.3716808504735624,1.023376183618013,0.3051391632353965,0.11345799870767595,-1100302.3294386961,0.3717888837254596,1.0233801478149134,0.3050053291050193,0.11344012617387284,-1815376.0986910874,0.34366326380345613,1.044742236962887,0.4009855822229795,0.11922590621106402,-3295866.307454248,0.31563326404152486,1.0494890654088376,0.31822217742034414,0.16618022545207217,-5096933.329645547,0.30852574460304755,1.0589366065859214,0.28907487092681733,0.1788550207160935,-6986920.15649119,0.3067693834190766,1.1458795336043515,0.28186712569069994,0.18206291271809963
UHS_2,713.579,1.4381924588197208,1.3884507888812838,0.011835708277885255,-0.0569618129475055,-1.0567059435494988,0.8533377022216234,0.31312710404544186,-434223.44982905325,0.4288171572074159,1.0133164928881573,0.30671232045822355,0.11923460930559027,-660268.9501636173,0.4084034824436263,1.0144405271977215,0.30652405041492353,0.11465251020070377,-876647.1219722612,0.40802558996445076,1.014422034995951,0.30638859034968063,0.11460213813853729,-1091592.46333367,0.4081054839003257,1.014423356806117,0.30632742732030577,0.11460027036202196,-3044055.284301847,0.38050686091277935,1.041767775668184,0.40816794948633184,0.09980521747249382,-4518920.827226038,0.35167151579191386,1.0479193334109154,0.3459850773073178,0.13729529751694122,-6284995.757414038,0.3440544440458665,1.0711916549107847,0.32420589875929967,0.14866713102031784,-8159601.444160251,0.34215388083866166,1.2681927777808284,0.317295912985776,0.15155333459734577
UHS_3,737.601,1.934682161632927,1.7679084566971166,0.03490890347119599,-0.04797003426348627,-0.9511938639979368,1.4024170370066962,0.31319208703897283,-476512.57533881837,0.39742040501494064,1.0184175062021987,0.3192713986612452,0.12318497465434876,-701615.8281043053,0.3722641266448067,1.0211574423490395,0.3193010827702078,0.11796850322328198,-924013.4137215946,0.37149901410862646,1.0212023325552761,0.3193772832319223,0.11787889936125925,-1146079.9249210919,0.3714559089692262,1.021209419376397,0.31943669953276677,0.11786863774889159,-2250050.7141540865,0.3421525316006344,1.0444423379422516,0.40735220767703767,0.11025396836054166,-3766955.226908718,0.31295869481554,1.049109129410028,0.33249948712978916,0.15516579796390087,-5622726.988412141,0.3055010001119592,1.0543325505066832,0.30190431384790883,0.16736760191447492,-7561725.235152329,0.3036414542513169,1.0938281513342931,0.32424866504961586,0.17044461707863512
UHS_4,641.954,1.8012386287594548,1.7263336995736531,-0.02683987001994417,-0.1385003054364678,-1.49409919048855,1.3746438494506836,0.35504323166589113,-205643.65612754118,0.4018963937425347,1.0153260155491217,0.3207583324089877,0.12221871200981148,-402028.4551292169,0.37635874947112036,1.0171711755394,0.32099927868465955,0.1175117780726803,-595671.2224910862,0.3757407020631458,1.0171788866479683,0.3210236578730673,0.11741086574285665,-788905.3002535608,0.375808952234992,1.0171874444395355,0.320981827555346,0.11738984466706445,-2138588.677069689,0.34527040791801417,1.0431493909286393,0.4135016581018525,0.10065857053735594,-3463520.0911482195,0.315043387626692,1.0480252298700492,0.3444528618798895,0.14097373402145458,-5081518.495441763,0.30738545762721836,1.0514288895720374,0.308993990860856,0.1526003353502859,-6762251.506104991,0.3054933465124897,1.0653641196153898,0.35619797820489296,0.1555487088450006
UHS_5,710.929,2.1245512744480033,2.132446072472043,0.01748170803282423,-0.07893050398255691,-1.2989684323792696,1.4766883019012682,0.3370405219194181,-368735.8058797026,0.39987864302006154,1.0171761677344269,0.3310079740661867,0.11794140240516034,-586046.780369699,0.3746701283315248,1.019592888581485,0.3311479337156857,0.11260325309901609,-800339.0862992713,0.37408656353615666,1.0196216143768775,0.3312818375440601,0.11244830865333275,-1014344.8477934337,0.3740826526620557,1.0196217669486707,0.3313531363025719,0.1124104320350217,-2159366.8358865315,0.3438081908531647,1.0438734186101464,0.3976024159756254,0.11041176603760966,-3637519.0903418,0.313697654754949,1.048548398900656,0.3214746951900931,0.15370212327428884,-5432987.126336828,0.30602599871914254,1.0530850326104593,0.293659161211967,0.1654663623379076,-7318434.8378953915,0.3041198481550924,1.0896254259498797,0.2749875906861188,0.16845301866177076
UHS_6,638.865,3.489991950689423,2.364463373214235,-0.001551414611041402,-0.08925694051635535,-2.9069305595818418,1.4118443809770382,0.33343241737793794,-337515.0510151212,0.41408618107582507,1.016304620185411,0.3266494604291172,0.11961648705802859,-534851.895983572,0.3902326777399362,1.0182829110169318,0.32683539107781984,0.11481397884243143,-727753.7995099617,0.3894514233631098,1.0183054066296129,0.3269276548473203,0.114794051588501,-920056.2500223056,0.3893446685738801,1.0183209697706677,0.3269638506028555,0.1148072584459356,-1866037.5932187457,0.3590175335427689,1.042875707784465,0.40463184024008053,0.10304027752099336,-3205074.17637729,0.3282200852995585,1.0490211510825123,0.33367549650224065,0.14040565583418133,-4831551.680787303,0.32024915116277297,1.071683989772795,0.3085700722804534,0.1517131863888447,-6536693.251731909,0.31826267410526815,1.2661179268490077,0.3011102293757614,0.15458839819907533
UN_1,648.099,10.86016168157484,1.2957036349428985,0.004324753751261273,-0.02303330813801907,-1.0067033545892112,1.195923085205197,0.1961818375721988,-896849.2553476241,0.42031607028664164,1.0178291032266227,0.3158978418371946,0.10586735575917128,-1108170.6132848996,0.4008988170488078,1.0197315190244671,0.3146908273170662,0.1011873085553816,-1304176.7535312169,0.40026377654217377,1.0197310247422076,0.31435083161156047,0.10122649909974529,-1499342.9528310788,0.4001785105479616,1.0197480761533522,0.3142723161653996,0.10128560656769942,-2551169.6813825276,0.3749391388403482,1.043482703812787,0.4100742961029566,0.10581555136630086,-3881584.492005833,0.3495847724046702,1.0478977919890657,0.32758018879735884,0.15003757691482547,-5527392.161799628,0.34290589828477647,1.0521677491931736,0.2920706651259401,0.16214523467114056,-7256037.738401272,0.3412265524003247,1.0773097567053438,0.32633657937439975,0.16521288131952216
UN_2,740.909,9.58806021759602,1.1826403878935747,0.001361004043924918,-0.012690685933692807,-0.9652172415012892,1.1839495305090844,0.20860614824690746,-1055972.1012094528,0.4164828179897131,1.017205343527979,0.32482419966858933,0.1123307256565887,-1297073.9651751474,0.39687859145831744,1.019049902105441,0.324881834775942,0.10750457932676304,-1520061.0088477188,0.39629006638554426,1.0193125660516427,0.3248155448165915,0.10739141680911918,-1743058.9075029425,0.39620179834302466,1.0193420356765674,0.32477912253249663,0.10737541542055332,-3157077.2906525945,0.37098661267994365,1.0436944110119526,0.40891766977849314,0.10260679727409575,-4643733.86120238,0.3460080267279411,1.0481492152775755,0.33210803499903524,0.14588623967286748,-6503815.849366092,0.3394564681066021,1.0499505087524776,0.3063830140156509,0.15791278466495148,-8454775.720164778,0.3378036006007148,1.0532582589736121,0.2628333120506901,0.16096438697697757
UN_3,666.069,9.049830936094224,1.2860536942276866,-0.0032118236772603007,-0.04498749648070871,-0.9977427196330352,1.8416692788066693,0.20399965132938502,-734403.0141059338,0.42127555013874407,1.0163577225813925,0.2882506908601701,0.11024161951423858,-945760.3043195991,0.4020498710357294,1.018430118172464,0.2892471013132745,0.1058909612058152,-1147057.5918827471,0.4017724296124511,1.0183352934110368,0.2896090696870314,0.10579245807837474,-1347652.5974186987,0.40182968437062166,1.0183239562639999,0.2897696061650364,0.1057417634350866,-2829122.1062017265,0.37640676301430953,1.0429828325470905,0.401066980303108,0.1039601825276961,-4189393.196471539,0.35069924155293314,1.0475594159184698,0.32243073252567755,0.14592206397908417,-5873123.545651258,0.343973800362182,1.050631969987318,0.2967471537725092,0.15763419190238706,-7631453.243687277,0.34229373517339456,1.0728020557130376,0.28881616263860493,0.16060622489993562
UN_4,723.434,11.017727701223137,1.16736380790034,0.00047187294340772073,-0.035665438214011407,-0.8201174578709031,2.186085441147188,0.19135092092027595,-893669.468976229,0.4220882327948306,1.0169294608907569,0.2943432226787153,0.10966849878305764,-1123754.9850438025,0.4034748576866073,1.0196517382607397,0.2949176762672712,0.10509005884724654,-1342725.799288706,0.4030899663010263,1.0195621371923045,0.2949932874647204,0.10500409591396154,-1560635.9701071894,0.4030958501442305,1.0195516114692804,0.29496523932244656,0.10497851418538333,-3028266.3280209103,0.3785335762333026,1.043162113654238,0.4036422342400418,0.10366107438077943,-4499854.95835155,0.3538291206746472,1.0475591710299514,0.3246781725254838,0.14641740988181887,-6327174.361373625,0.347346985861035,1.0506599812410742,0.29542899481262197,0.15825448593473807,-8246020.078302122,0.3457228885180656,1.068646421295508,0.26705454773344384,0.1612593513964011
UN_5,723.299,14.456873759589133,1.1704576383017475,-0.014472039904985209,-0.044938835614675474,-0.705665768505198,2.6165585143761176,0.1705618523625401,-898179.2130812677,0.4246804315548495,1.0165495648002607,0.2895770203979145,0.10651897382763578,-1126258.3546082627,0.4061228342924211,1.0197101679994534,0.2902545222346147,0.10195038744891743,-1344985.7764654586,0.4057185219301689,1.01969473109307,0.29023169387460507,0.10182790608737326,-1562777.507435011,0.4057132374336974,1.0196889573002266,0.29013830072751895,0.10177998759423822,-4502723.728401264,0.380937717403288,1.0426288860343782,0.39493365135256314,0.10459034848398543,-5899049.073880261,0.35582355948194705,1.0471457905105643,0.312051122529112,0.1472780411048224,-7721963.798283724,0.3491815551156994,1.0512089366151414,0.28367699493189624,0.15897034561880402,-9544310.822412947,0.34751014183935497,1.084589449240119,0.2754886680877376,0.16193458224794963
UN_6,703.989,15.240911105151596,1.1507299829807247,0.0009852053302974544,-0.02777399885069104,-0.6997442972171564,2.6746320124853913,0.17183112174231674,-1011307.2526128128,0.42404701122778976,1.0178784606647606,0.30162988147996445,0.1038943505276257,-1236258.3789556352,0.4053529885471433,1.0212484436012874,0.30163898170761766,0.09936944229686752,-1449510.4419053756,0.40494051228953315,1.0212205307190363,0.3019868822504064,0.09937880338257138,-1661606.706490211,0.40496990584521797,1.0212139944998326,0.3021485264901218,0.09940302934381073,-3454701.300889781,0.38029905322436436,1.0428127417513402,0.40172632920394774,0.10563302586793957,-4898962.316734315,0.35532556467384413,1.0471330944951778,0.32322774470211596,0.14839602779988934,-6657382.273398194,0.34877032081488546,1.0499372804580662,0.29521699964584414,0.16008860294774818,-8507166.241530681,0.3471333920471193,1.067727854428768,0.27756801581936436,0.16305166903610813
YGB_1,715.499,2.797189740403341,1.1279946959009381,-0.006150573009297756,-0.1031081880056488,-0.46784454511124235,1.7177025446458583,0.25095563640220403,-399029.45113508025,0.42591185031606854,1.016223169627343,0.30246593152643086,0.12589377435472976,-620150.9641734962,0.40622526183103363,1.0184346171938259,0.30238077127754304,0.12105174291206325,-835537.6245140065,0.40549032248641104,1.0185058024168072,0.3023595621067983,0.1211082550623981,-1050910.363443969,0.4053386438355748,1.018518143312293,0.3023593779440734,0.12117420015629903,-2249257.5295189926,0.3789318807771089,1.0425174058880071,0.41885147097738556,0.09823988926464568,-3740033.420784587,0.3525067278890025,1.0479029250724512,0.3585095726520768,0.1377500568368614,-5560626.7577233985,0.34553062177939836,1.0635247989774175,0.33737943378538904,0.14930787876806237,-7469704.520465678,0.3437696730158034,1.2013375043562093,0.3083750031636628,0.15223547522524544
YGB_2,763.679,4.25790850300567,1.2755553157112336,-4.896323988349895e-05,-0.09051142336416887,-0.6463376052877031,2.029144153530799,0.22603653665218615,-558708.1253075647,0.43273826446832486,1.013433190587105,0.30152994688330637,0.13834121805452673,-794484.1393042997,0.4148657194097074,1.015447129264095,0.3015978205230565,0.13342780300689067,-1024872.8083219929,0.41437712720766445,1.0155630504263047,0.3015703365796733,0.13341349987023204,-1254785.4760113538,0.41431283997223733,1.015576237377467,0.3015430461000096,0.13342741321235685,-3353720.7893931577,0.38939612695609965,1.0423558214685966,0.43237925292599955,0.09736480447913126,-4904040.178194781,0.36354596935115563,1.047335941379135,0.3792147390188884,0.13425225922101894,-6789726.045094595,0.35661787834151965,1.0542447854376893,0.35611800469306915,0.14592794711143128,-8789862.326642152,0.35487089283407325,1.1110848700124971,0.310196213401714,0.14889974850736495
YGB_3,632.369,2.3957640120760875,1.333420056331248,0.06987324333534181,-0.015345412759953703,-0.4317175309982772,1.6581034566560306,0.24543240302639444,-594928.1134765545,0.437353800459766,1.0139139603634475,0.31384538861769645,0.12677943183937052,-782343.1348978507,0.41730018142263603,1.0158784159554535,0.3139513695738631,0.12196679233164764,-971980.0995191316,0.416837836427012,1.0159770930449503,0.3139339591721231,0.12193059843839557,-1162193.8167478275,0.41690851420606806,1.0159911501437706,0.31392610569759816,0.12194416843241448,-2888739.890734257,0.38867499730515065,1.041627119566607,0.4194317085300251,0.09750752634660924,-4151388.836349654,0.3589473833162729,1.0465802567516282,0.363835666458601,0.13607642201291995,-5735741.140637298,0.3510273825591173,1.0561693037710482,0.344337444033619,0.1472439314708966,-7364212.937931815,0.34904118978269627,1.1351929110615828,0.27890766206833256,0.15007381902152575
YGB_4,679.714,3.44437543598527,1.2578374188218837,-0.00974273207276616,-0.10608368174101486,-0.503643431118448,1.8190181518424093,0.24283704821429106,-385671.653621791,0.4258601124374249,1.01567414266984,0.2957093938851935,0.12716629749036032,-594910.3027138675,0.40599519313806476,1.0179752873607328,0.29599330639300386,0.1221246507679629,-799839.2205509265,0.40546587664530037,1.018066149905852,0.2959621736183608,0.12209181228208227,-1004463.1150244061,0.40539479745465157,1.0180729639920052,0.29595412984961444,0.12210804253754966,-3097732.7394589586,0.3786207508142581,1.0428426107876871,0.4215489106617129,0.10265479149837839,-4481489.627536219,0.35155745792289855,1.0473839038499746,0.35762944356070947,0.1456994357443826,-6115760.834324181,0.3444317331518348,1.0544331643077727,0.3339983676538384,0.1574158756643468,-7891832.616421028,0.34264290671751674,1.118553131163906,0.326565365718993,0.16038080251102713
YGB_5,680.445,4.544462474179452,1.3253765707379326,0.004286549777030133,-0.07494887676685172,-0.8241099579716143,1.96954555898864,0.2230556498311993,-524371.350380602,0.43171189408915706,1.0142237959117186,0.29533622567034884,0.12387320739015772,-732176.9966328326,0.4127187971273237,1.0160064694224642,0.29537917140662806,0.11888717556479186,-936757.1803730043,0.4122042418497306,1.0161190655488206,0.29552902988176255,0.11883016429038645,-1141568.5722304469,0.4121722286488501,1.0161410373247817,0.29563608357152105,0.11882965647526254,-3614697.4644496953,0.38593897029440255,1.0410163214447865,0.4190139186057449,0.09996052839576267,-4992280.309470559,0.35913797630030764,1.0459002030837121,0.3582369885522846,0.14016248537939457,-6652673.94142865,0.3519927757200984,1.0545842164761128,0.3290739543184479,0.15145767750160616,-8397306.000110025,0.3501878281187846,1.120647983087893,0.3266946787508467,0.15431889760811826
YGB_6,628.054,3.026255381519551,1.1735967321338638,-0.034740311680121184,-0.13318169811242703,-0.4925199980591633,1.8123257943852058,0.2550936257920367,-293238.04747983016,0.4380484188546562,1.0141240965534655,0.31132041529093185,0.13114101247612595,-485098.62193138374,0.42044102054831306,1.0158925405584356,0.3110301342059474,0.12600538341644588,-674062.4777404654,0.4200668957145063,1.015998002837439,0.31097063689905363,0.1260078706972309,-863097.1745030984,0.4201221328830427,1.0160189474202166,0.31096337325700196,0.12603960901816064,-2424818.0245297584,0.39545022959400716,1.041492864803886,0.41343648932017735,0.10081500279244064,-3738825.3414993025,0.36950854483516665,1.0462305840955628,0.3503239009684644,0.1432255464630963,-5330712.910069532,0.36252601991008765,1.0584594427894272,0.3178000087611791,0.15479965054991504,-6999451.824004014,0.36076808060375215,1.156957392907414,0.3492821347052021,0.15772990746523424
YHS_1,650.856,2.7088670386688856,1.2169310387715686,-0.012500815798934592,-0.07014167008899366,-0.599227562407154,1.4838516594475029,0.2610363396039938,-466875.2675078402,0.44083297897379486,1.0118662807744632,0.31177334520935934,0.15071735873847142,-669975.0824747995,0.42518321823979804,1.0138141543286228,0.312255862633776,0.14527897777290102,-866195.0661162183,0.4247514199419371,1.0138363192101216,0.31243612729676606,0.14532141546666377,-1062131.4399368793,0.4247070045394169,1.013841732890185,0.31249969576650033,0.1453967836949572,-2569914.287892418,0.4021614165783047,1.0411684194610968,0.4308431944361174,0.09843621482384492,-3944393.140794757,0.3783902686299507,1.0456838016717225,0.38564323544929896,0.14188932054454845,-5605120.592487368,0.37187846869935515,1.0513073506103967,0.36640819646468425,0.1538376890160192,-7342245.777186238,0.37022249342393226,1.0952712672079035,0.29941767970893163,0.15686728427885085
YHS_2,682.048,3.1354312041161787,1.6547000869980564,-0.005987905367790192,-0.07500890674970132,-0.8802968048150472,1.5518931762561996,0.2538938137554445,-460131.8149117527,0.4398838846355671,1.0113096543173303,0.2982092836773587,0.14794179382534775,-670009.6671946648,0.4248583988672778,1.013255138607254,0.29861397614534835,0.1430366883345985,-875447.4889561395,0.4244554718504065,1.0133330862924388,0.2988808220532318,0.14304957787379668,-1080753.3438559198,0.4244392070255685,1.0133493785382008,0.2990168719679219,0.14309658813472398,-2853691.49801465,0.4029578998281849,1.0402709038266809,0.438888576487146,0.09409692821474717,-4291099.265567383,0.38022883485157166,1.0450486617203174,0.39230110571651267,0.13091999170793028,-6030301.370299234,0.37397939694119664,1.0533355359229823,0.3728323138371271,0.1428788337653214,-7850936.633832195,0.37238605017353554,1.1257999630949527,0.3435536005172678,0.14592910069967835
YHS_3,662.984,3.6643679953920323,1.2134378808428785,0.0015593139778571445,-0.07290052591692113,-0.5935222754708982,1.8548380066343144,0.238582564911636,-508005.457453206,0.42746464312086724,1.0117624357497872,0.30508168751474346,0.1493947751352148,-710629.3831293496,0.407004910645586,1.0134253307132786,0.30475557480038384,0.1449326545879333,-909955.739624023,0.40651739107238744,1.0134847827908642,0.30444664700087504,0.14503710564404004,-1109514.6767823675,0.40648157765535403,1.0135054004418487,0.3042696798383229,0.1450959391662207,-3140785.3709445475,0.37849687156847805,1.03975695808777,0.43404379318568803,0.10053757648554104,-4553095.375666197,0.3505495989957234,1.0452199877150907,0.39433358881164976,0.12436829627663809,-6227834.691144357,0.34330764293238675,1.0522646542221015,0.3749146213800539,0.13466836967114146,-7994172.570471511,0.34151029803405164,1.111966382423086,0.3651050714023292,0.13728713452157884
YHS_4,665.554,2.755965340941679,1.4634039311223552,-0.01036883047582538,-0.10507349800000033,-0.5650806055429874,1.7921247700126564,0.2676302248659051,-356316.9018098344,0.4476577825707709,1.0103379461766144,0.3112814506823614,0.16215863562118946,-560659.1125345529,0.43535766537272064,1.0120809031737232,0.3101771246094325,0.15735025625628493,-761164.9700970027,0.43503363454141947,1.0121540447020503,0.3099461247106273,0.15696151347127343,-961512.7759786245,0.43498307096031236,1.0121689598798085,0.30993127101406354,0.1567446873647157,-3682897.606623338,0.41744524520429827,1.039494798270291,0.43981412377233425,0.09309409253241362,-5049127.471553065,0.3993214663776176,1.044832387502491,0.40023361481548636,0.11810142333564112,-6667669.492985278,0.39437413493156476,1.061737485062172,0.3802613255208313,0.1294336624421431,-8377710.302684961,0.3931193228871935,1.201742799711436,0.2754573497441303,0.13233351470667543
YHS_5,616.336,4.820432455209425,1.3244733833290898,-0.0045960275756297105,-0.04535277629036924,-0.7587524322922189,1.7438320605656192,0.21950109193988038,-604590.543216191,0.44176480945625374,1.0123507163759826,0.2999323381592242,0.15215058656579566,-792541.0188782787,0.4235932809684776,1.0141583355060162,0.30015557173294016,0.1462761437394473,-977709.8967839009,0.42307733403922165,1.0142131046531793,0.3003880325238893,0.1461455120958888,-1163236.409430641,0.4230227076595362,1.0142236848411676,0.3005113318727038,0.14613396345561602,-2564636.0352951298,0.396876362134387,1.0406019867242484,0.4264738167708914,0.1035788537023703,-3873568.3141718134,0.3681065337709506,1.0449398627116442,0.37149864454418396,0.14685110085195496,-5448668.53494186,0.36015829962642865,1.0521657697525435,0.3490088041736801,0.15856451990713036,-7094273.611370167,0.35813378463608864,1.1102653484280856,0.2857599281426799,0.16152492307600028
YHS_6,616.343,2.073213463445586,1.1896938407342255,0.008285736959059849,-0.10048853334491044,-1.3579445860815214,1.6270994816942657,0.2775645014109092,-344629.72838126344,0.4403471778082445,1.0112565523423056,0.31962183483513534,0.1466789881526189,-532202.3418029874,0.42603106948665165,1.0130447461206018,0.3194184097886223,0.1417167841536585,-717019.4960431196,0.425763522480811,1.0131156926397649,0.31927712988390206,0.1416984536523227,-902515.4941274994,0.42577598880745876,1.0131296391420044,0.3191919647658893,0.14170819468217888,-2598579.3715117252,0.40539224165239635,1.0404739437592099,0.4333022881484991,0.09608217148674678,-3910629.3523037885,0.38418221362118304,1.0448141269459104,0.3856117360740684,0.1338753052105539,-5484746.115765826,0.37841486266091995,1.047623765128757,0.36606507834195123,0.14589774773461203,-7130406.898426987,0.3769566999758327,1.0600271508176011,0.32166806477373133,0.14896051586416528
